a SpType,a Deltai (deg),a Deltai +Unc,a Deltai -Unc,a istar (deg),b SpType,b Deltai (deg),b Deltai +Unc,b Deltai -Unc,b istar (deg),c SpType,c Deltai (deg),c Deltai +Unc,c Deltai -Unc,c istar (deg),d SpType,d Deltai (deg),d Deltai +Unc,d Deltai -Unc,d istar (deg),e SpType,e Deltai (deg),e Deltai +Unc,e Deltai -Unc,e istar (deg),f SpType,f Deltai (deg),f Deltai +Unc,f Deltai -Unc,f istar (deg),g SpType,g Deltai (deg),g Deltai +Unc,g Deltai -Unc,g istar (deg),h SpType,h Deltai (deg),h Deltai +Unc,h Deltai -Unc,h istar (deg),i SpType,i Deltai (deg),i Deltai +Unc,i Deltai -Unc,i istar (deg),j SpType,j Deltai (deg),j Deltai +Unc,j Deltai -Unc,j istar (deg),k SpType,k Deltai (deg),k Deltai +Unc,k Deltai -Unc,k istar (deg),l SpType,l Deltai (deg),l Deltai +Unc,l Deltai -Unc,l istar (deg),m SpType,m Deltai (deg),m Deltai +Unc,m Deltai -Unc,m istar (deg),n SpType,n Deltai (deg),n Deltai +Unc,n Deltai -Unc,n istar (deg),o SpType,o Deltai (deg),o Deltai +Unc,o Deltai -Unc,o istar (deg),p SpType,p Deltai (deg),p Deltai +Unc,p Deltai -Unc,p istar (deg),q SpType,q Deltai (deg),q Deltai +Unc,q Deltai -Unc,q istar (deg),r SpType,r Deltai (deg),r Deltai +Unc,r Deltai -Unc,r istar (deg),s SpType,s Deltai (deg),s Deltai +Unc,s Deltai -Unc,s istar (deg),t SpType,t Deltai (deg),t Deltai +Unc,t Deltai -Unc,t istar (deg),u SpType,u Deltai (deg),u Deltai +Unc,u Deltai -Unc,u istar (deg),v SpType,v Deltai (deg),v Deltai +Unc,v Deltai -Unc,v istar (deg),w SpType,w Deltai (deg),w Deltai +Unc,w Deltai -Unc,w istar (deg),x SpType,x Deltai (deg),x Deltai +Unc,x Deltai -Unc,x istar (deg),y SpType,y Deltai (deg),y Deltai +Unc,y Deltai -Unc,y istar (deg)
5.43,8.6,7.050014000623728,5.681915951999758,23.7,5.43,13.5,10.303203222455751,6.705031193861568,29.2,5.43,19.1,14.155987588207964,8.335149341556559,35.0,5.43,32.7,11.046984264960775,17.21601573532893,41.3,5.43,33.0,20.93836866340868,11.423002187342137,48.0,5.43,10.3,10.363821627894318,4.870001916763341,27.0,5.43,16.3,14.494013599992371,6.5059916373416335,33.4,5.43,25.8,16.51601132452917,11.064106064581564,40.4,5.43,33.0,20.93836866340868,11.423002187342137,48.0,5.43,41.2,22.59999794985162,9.734034224090738,57.4,5.43,14.5,13.11553429010834,5.985992491094631,31.5,5.43,23.1,17.634974923384604,9.038592111704132,39.3,5.43,33.0,20.93836866340868,11.423002187342137,48.0,5.43,44.2,20.853013769772616,11.129338396211024,59.0,5.43,67.5,5.778541829525565,21.518992717267963,75.8,5.43,21.8,16.44296612216603,8.828580528485302,37.9,5.43,33.0,20.93836866340868,11.423002187342137,48.0,5.43,41.7,24.83357688809421,6.560003988257741,61.3,5.43,72.0,1.5790563226219092,24.07298886150776,90.00450000000001,5.43,71.5,2.2982816417152634,19.04100703336317,90.00450000000001,5.43,33.0,20.93836866340868,11.423002187342137,48.0,5.43,45.2,24.80470677477635,5.5129944729259535,64.9,5.43,71.0,2.542989009202614,21.01586488882635,90.00450000000001,5.43,67.5,6.370524035370494,13.039002532323307,90.00450000000001,5.43,72.0,2.0150045527708187,14.817342381300875,90.00450000000001
5.525,12.6,8.711500349489059,12.553983172870216,23.3,5.525,5.1000000000000005,16.82346364016199,5.1000000000000005,28.7,5.525,5.1000000000000005,19.6576222492958,5.1000000000000005,34.4,5.525,1.3,26.66836614422136,1.3,40.5,5.525,0.5,30.43154581907945,0.5,47.5,5.525,8.3,13.052966957265074,8.3,26.6,5.525,0.8,23.09019687286597,0.8,32.9,5.525,2.8000000000000003,24.855328174125567,2.8000000000000003,39.7,5.525,0.5,30.43154581907945,0.5,47.5,5.525,1.6,31.633942897913933,1.6,56.2,5.525,3.6,19.22237460640932,3.6,31.0,5.525,1.7,25.47090506795295,1.7,38.7,5.525,0.5,30.43154581907945,0.5,47.5,5.525,0.7000000000000001,32.92597416587102,0.7000000000000001,57.7,5.525,25.1,26.133987516205167,8.076989374828727,72.8,5.525,0.8,25.562543706624627,0.8,37.2,5.525,0.5,30.43154581907945,0.5,47.5,5.525,1.1,33.006205223106626,1.078018881648526,59.8,5.525,50.0,1.5365988955566865,31.51299951306396,83.8,5.525,43.5,7.888806112955208,21.54604819233129,90.00450000000001,5.525,0.5,30.43154581907945,0.5,47.5,5.525,0.8,33.884798186595646,0.7439977410365063,63.2,5.525,49.0,2.391980167327553,29.05146773353468,90.00450000000001,5.525,47.0,4.387860092932378,23.03800050628336,90.00450000000001,5.525,46.5,5.119235533488151,19.00996127391658,90.00450000000001
5.52,11.1,9.234975621926749,10.64104836992397,42.8,5.52,6.6000000000000005,11.705290534789796,6.6000000000000005,55.5,5.52,6.6000000000000005,12.597525099490277,6.6000000000000005,75.9,5.52,6.6000000000000005,14.713986424481462,6.537661461988927,90.00450000000001,5.52,32.0,0.5779744879668272,20.83466081334613,90.0,5.52,6.6000000000000005,12.067606748841992,6.558005877322747,50.1,5.52,6.6000000000000005,12.141495043974093,6.6000000000000005,68.7,5.52,7.6,13.36005987491405,7.6,90.00450000000001,5.52,32.0,0.5779744879668272,20.83466081334613,90.0,5.52,31.8,0.6420157107234239,18.011815146536065,90.00450000000001,5.52,6.6000000000000005,11.934866822648855,6.561997989878546,62.0,5.52,6.6000000000000005,14.02193588910849,6.6000000000000005,90.00450000000001,5.52,32.0,0.5779744879668272,20.83466081334613,90.0,5.52,30.8,1.5565593426600977,16.723993341512426,90.00450000000001,5.52,30.8,1.6570097182808574,14.085660046559152,90.00450000000001,5.52,7.1000000000000005,13.029181035231076,7.1000000000000005,90.00450000000001,5.52,32.0,0.5779744879668272,20.83466081334613,90.0,5.52,28.8,3.5169149093091114,14.244988672425963,90.00450000000001,5.52,31.3,1.1508781990620385,13.812992463267452,90.00450000000001,5.52,31.8,0.6610119703739237,12.309797603541014,90.00450000000001,5.52,32.0,0.5779744879668272,20.83466081334613,90.0,5.52,29.8,2.708011995566462,14.380504076638037,90.00450000000001,5.52,31.8,0.6865742809262407,13.35698225303484,90.00450000000001,5.52,31.3,1.1648220118020411,10.814012313698754,90.00450000000001,5.52,31.8,0.7028518786480724,9.865993591504887,90.00450000000001
5.43,30.0,7.227993638450464,15.324061568601604,38.4,5.43,2.0,19.26999769098765,0.0494485671386835,48.9,5.43,0.2,14.942319688039612,0.0690124437968767,62.5,5.43,2.2,11.585525606592944,2.092008834695762,90.00450000000001,5.43,1.0,13.502303691943649,0.6460023830510631,90.0,5.43,20.2,8.547981504660296,13.7349869185843,44.6,5.43,2.0,14.246002028974516,1.5548723921514065,58.5,5.43,3.5,10.215325216649642,3.5,90.00450000000001,5.43,1.0,13.502303691943649,0.6460023830510631,90.0,5.43,19.2,2.043088639847237,12.2420100238121,90.00450000000001,5.43,3.5,14.67358920137151,2.5390061377210977,53.8,5.43,3.0,10.8101732937187,3.0,78.60000000000001,5.43,1.0,13.502303691943649,0.6460023830510631,90.0,5.43,19.2,2.0589933134395046,12.060079740960736,90.00450000000001,5.43,20.2,1.0889960980282574,11.57814732714807,90.00450000000001,5.43,3.5,10.721400266660496,3.3530102770507137,71.8,5.43,1.0,13.502303691943649,0.6460023830510631,90.0,5.43,20.2,1.0933929055338822,12.794990166201703,90.00450000000001,5.43,20.2,1.087960074418472,11.072009737741393,90.00450000000001,5.43,19.2,2.061003625444229,8.700513363658231,90.00450000000001,5.43,1.0,13.502303691943649,0.6460023830510631,90.0,5.43,20.7,0.5300049873011794,13.005002553495078,90.00450000000001,5.43,19.7,1.549996863808989,9.992718078231672,90.00450000000001,5.43,19.7,1.5589908988515546,8.516377431029117,90.00450000000001,5.43,20.2,1.0757066017048125,8.040993402040943,90.00450000000001
5.27,24.6,3.2391806345306837,3.643006301160824,28.8,5.27,18.1,3.209000880335399,5.568040909496682,35.800000000000004,5.27,8.700000000000001,5.092384899689634,5.449000829802775,43.5,5.27,0.3,8.400345848783148,0.3,52.4,5.27,8.0,13.472840237510972,7.769970937332014,63.5,5.27,20.3,3.728914284289385,4.249996268715741,33.0,5.27,11.5,4.942097618190207,5.557988073142898,41.4,5.27,0.1,8.116316475123755,0.1,51.1,5.27,8.0,13.472840237510972,7.769970937332014,63.5,5.27,32.5,3.0760095941856704,15.02690165882721,90.00450000000001,5.27,14.2,4.599996629653047,5.125245877787794,38.8,5.27,0.6,7.509663554004801,0.6,49.6,5.27,8.0,13.472840237510972,7.769970937332014,63.5,5.27,32.7,3.0021593683506467,14.20899906115963,90.00450000000001,5.27,33.2,3.015998365519856,9.64623441689275,90.00450000000001,5.27,3.8,4.832277290018384,3.7599947964043112,47.5,5.27,8.0,13.472840237510972,7.769970937332014,63.5,5.27,32.7,3.0260042307925445,13.071041111415312,90.00450000000001,5.27,33.2,3.018601733901683,8.710994086310578,90.00450000000001,5.27,34.0,2.2409870035727693,7.5252411314132175,90.00450000000001,5.27,8.0,13.472840237510972,7.769970937332014,63.5,5.27,32.7,3.5579942409983474,11.276641498323222,90.00450000000001,5.27,33.2,3.0265385261955444,7.710004793887542,90.00450000000001,5.27,33.7,2.8123674076624283,6.204995031731095,90.00450000000001,5.27,33.7,2.8980933510746354,5.23800995218976,90.00450000000001
5.4,6.0,4.15501095699385,3.629060698820448,10.4,5.4,8.6,4.527017564378472,4.329405823213961,12.7,5.4,10.5,5.862999207899456,4.112680947292843,15.0,5.4,13.0,6.150898727691562,4.997989303179772,17.3,5.4,15.5,6.902686582716157,5.674986721988674,19.5,5.4,8.1,4.015989549099496,4.450933583139468,11.8,5.4,9.1,6.491539277521984,3.179006868572433,14.4,5.4,12.0,6.870014300445106,4.170368114715063,17.0,5.4,15.5,6.902686582716157,5.674986721988674,19.5,5.4,17.8,8.356020939923756,5.87108406309164,22.3,5.4,9.1,5.083983945447878,4.229194522097833,13.6,5.4,12.0,6.300999548964221,4.514282507312176,16.6,5.4,15.5,6.902686582716157,5.674986721988674,19.5,5.4,19.1,7.740008973579847,6.836413168318911,22.7,5.4,21.1,10.236930881425629,6.667992516422928,25.9,5.4,12.5,4.87800003620788,5.664682005583774,16.0,5.4,15.5,6.902686582716157,5.674986721988674,19.5,5.4,18.3,9.039985185609815,5.855138610375079,23.2,5.4,21.1,11.656991528628438,6.169376004844972,27.0,5.4,26.1,13.227550720745278,8.125005264891605,30.9,5.4,15.5,6.902686582716157,5.674986721988674,19.5,5.4,20.6,7.778029213775014,7.694053293533383,24.0,5.4,23.1,12.647020174658728,6.612022730428034,28.6,5.4,28.1,15.65242821391822,8.337010468360145,33.4,5.4,32.7,19.165007021317138,9.745085129209926,38.5
4.2,56.5,8.5370126706095,3.547456195429333,14.6,4.2,54.2,8.946047160807368,6.053996495214527,17.900000000000002,4.2,51.5,10.261994314731169,7.855872062522771,21.2,4.2,48.5,11.737924993572127,9.929004144598046,24.5,4.2,44.5,14.472030967530898,11.195020798891896,28.0,4.2,55.2,8.582526804883663,5.241976332081435,16.6,4.2,51.7,10.528010513510914,6.739913431198971,20.3,4.2,47.5,12.764170478936336,8.418973867732419,24.1,4.2,44.5,14.472030967530898,11.195020798891896,28.0,4.2,42.2,15.051982902414563,15.719599022900717,32.0,4.2,53.7,9.000705198345713,7.229008578259219,19.2,4.2,48.2,12.522261197903532,8.025981882136072,23.5,4.2,44.5,14.472030967530898,11.195020798891896,28.0,4.2,42.0,15.262787474787515,16.362956742059325,32.7,4.2,42.0,9.831016303414543,27.59014188276991,37.6,4.2,50.5,10.708620273987757,9.033006838101656,22.7,4.2,44.5,14.472030967530898,11.195020798891896,28.0,4.2,42.2,14.553992892777307,18.22159494060218,33.5,4.2,33.5,14.727971994750511,23.32290887416403,39.4,4.2,5.7,29.39239070286028,5.5679995983556285,45.9,4.2,44.5,14.472030967530898,11.195020798891896,28.0,4.2,42.7,13.594498249185712,20.746013112470564,34.7,4.2,7.2,34.027729657754826,3.539003123122619,42.1,4.2,5.2,26.87520238253185,5.2,50.4,4.2,5.2,22.94781830572759,5.2,60.6
4.7,28.5,2.106387515405835,25.010016219943097,25.0,4.7,29.0,1.3337910511883455,24.028032061526112,30.9,4.7,16.0,12.534450933021256,11.504981533927518,37.2,4.7,10.7,12.560153929339627,10.206016743708297,44.0,4.7,2.5,19.681456578082365,2.067002859283962,52.0,4.7,30.0,0.5549727103763438,25.46103001911402,28.6,4.7,26.2,3.1258551588946304,21.228031509908924,35.5,4.7,3.1,20.27311755156009,2.653035280333982,43.1,4.7,2.5,19.681456578082365,2.067002859283962,52.0,4.7,5.0,15.78500583674305,4.945539466765664,62.7,4.7,15.2,15.05021765453974,9.7139985251229,33.4,4.7,7.5,15.74846409593593,7.412984150350116,41.9,4.7,2.5,19.681456578082365,2.067002859283962,52.0,4.7,2.5,18.181301424517127,2.432993003168942,64.6,4.7,5.2,14.71080570663862,5.2,90.00450000000001,4.7,17.0,6.897606408835703,16.572008845063866,40.3,4.7,2.5,19.681456578082365,2.067002859283962,52.0,4.7,1.1,19.44405637206304,1.03299982957477,67.6,4.7,5.0,14.746751295153842,4.948008737571894,90.00450000000001,4.7,0.1,19.19998757326802,0.0651889778224414,90.00450000000001,4.7,2.5,19.681456578082365,2.067002859283962,52.0,4.7,2.8000000000000003,17.495882449952003,2.747999024002364,72.60000000000001,4.7,4.5,15.02294674359522,4.440997332372327,90.00450000000001,4.7,0.6,18.63897059037101,0.5539904026895378,90.00450000000001,4.7,0.3,19.22132263364688,0.2499977864160931,90.00450000000001
4.4,6.0,3.1909204950842422,5.9810008819013945,28.0,4.4,0.5,10.416585930927054,0.5,34.800000000000004,4.4,1.8,20.35577130260051,1.8,42.1,4.4,16.3,19.95407163210453,10.846920870536737,50.5,4.4,24.5,21.799799039964,8.402977943098506,60.5,4.4,0.5,8.41058100225964,0.5,32.1,4.4,0.5,18.67627391793613,0.5,40.1,4.4,14.8,19.64814451725408,10.78203839880758,49.3,4.4,24.5,21.799799039964,8.402977943098506,60.5,4.4,45.3,9.529007096359273,15.150971277718025,80.3,4.4,0.2,15.010676935651617,0.2,37.6,4.4,13.8,16.733225700589056,12.8130113781164,47.8,4.4,24.5,21.799799039964,8.402977943098506,60.5,4.4,50.3,4.553982048187478,19.27847625443109,90.00450000000001,4.4,51.8,3.060641065259041,15.723001876507546,90.00450000000001,4.4,11.3,16.01911838879606,11.278026820599775,45.9,4.4,24.5,21.799799039964,8.402977943098506,60.5,4.4,44.8,10.048599776956856,12.75002395361171,90.00450000000001,4.4,51.8,3.067019354871505,14.395495027299276,90.00450000000001,4.4,53.8,1.2958634506781834,12.81997320579552,90.00450000000001,4.4,24.5,21.799799039964,8.402977943098506,60.5,4.4,54.3,0.5599949519499532,20.85359799069204,90.00450000000001,4.4,53.8,1.0779765493095894,14.759146790298216,90.00450000000001,4.4,53.3,1.7609922758684675,10.806017089643383,90.00450000000001,4.4,54.3,0.7400047253982933,9.760281213912812,90.00450000000001
4.7,7.6,3.01000844287666,5.535793475324477,30.4,4.7,0.7000000000000001,6.53649362746457,0.7000000000000001,37.9,4.7,7.8,10.72897312136384,7.8,46.3,4.7,17.8,17.71285111324499,9.248987427013908,56.2,4.7,31.0,18.030548337767392,6.886009455257437,70.0,4.7,1.1,5.538322416465247,1.1,34.9,4.7,0.8,14.186002190902736,0.8,44.0,4.7,17.1,16.90678363574638,9.606017867470095,54.8,4.7,31.0,18.030548337767392,6.886009455257437,70.0,4.7,47.5,4.148022533514727,14.128012645006336,90.00450000000001,4.7,0.2,10.490369259940508,0.2,41.1,4.7,14.8,16.446283142474073,9.30096056938073,53.0,4.7,31.0,18.030548337767392,6.886009455257437,70.0,4.7,48.2,3.166073961191863,14.339972001060596,90.00450000000001,4.7,50.2,1.4322519485004506,12.047996171358768,90.00450000000001,4.7,13.1,14.647580176780384,9.60403013771056,50.7,4.7,31.0,18.030548337767392,6.886009455257437,70.0,4.7,48.5,3.094988465471083,13.527495195228743,90.00450000000001,4.7,49.8,1.834995153233628,10.649225468576413,90.00450000000001,4.7,50.5,1.172655180159282,9.013007822387287,90.00450000000001,4.7,31.0,18.030548337767392,6.886009455257437,70.0,4.7,49.5,1.872994195018471,13.645520455029056,90.00450000000001,4.7,49.0,2.819446349903373,8.548986094348415,90.00450000000001,4.7,50.5,1.209139623146214,8.017001993788341,90.00450000000001,4.7,50.2,1.6700181839097965,6.301805843231499,90.00450000000001
4.7,13.1,5.792263611266664,9.67997658733034,35.7,4.7,2.0,12.242896953891831,2.0,45.1,4.7,1.0,21.03284421607463,1.0,56.5,4.7,23.7,16.139017629914836,9.75145352251994,73.5,4.7,38.5,1.6119978093402023,18.80126706515647,90.0,4.7,6.0,7.994105184364663,6.0,41.3,4.7,1.0,18.700493490476635,1.0,53.2,4.7,21.2,18.04568838078197,8.717982625934955,70.5,4.7,38.5,1.6119978093402023,18.80126706515647,90.0,4.7,38.0,2.0293867321594234,14.022999514073485,90.00450000000001,4.7,0.5,16.086964674306092,0.5,49.3,4.7,3.0,23.56977892097216,3.0,67.1,4.7,38.5,1.6119978093402023,18.80126706515647,90.0,4.7,38.5,1.5490018608365048,14.047865973605075,90.00450000000001,4.7,38.5,1.5549858894167627,11.069447552802984,90.00450000000001,4.7,1.5,23.759030428669977,1.5,63.2,4.7,38.5,1.6119978093402023,18.80126706515647,90.0,4.7,39.5,0.5419905590201779,14.407137046705689,90.00450000000001,4.7,39.5,0.5250104298782219,11.294437684621194,90.00450000000001,4.7,39.0,1.0269968414460209,8.787395492047157,90.00450000000001,4.7,38.5,1.6119978093402023,18.80126706515647,90.0,4.7,39.5,0.5810067850581362,13.599250048842013,90.00450000000001,4.7,39.0,1.0368913005045997,9.830004888093864,90.00450000000001,4.7,39.5,0.5360570676746264,8.333992460744795,90.00450000000001,4.7,39.5,0.5299936856769918,7.0162236920589365,90.00450000000001
5.475,0.1,4.257635281190193,0.1,33.2,5.475,10.5,5.339001242444271,4.753861779477165,41.6,5.475,20.5,8.601993521083276,6.974174202681722,51.4,5.475,32.2,15.040010098957415,8.14350046171349,64.0,5.475,57.5,1.1090198777473788,16.202765348032763,90.0,5.475,7.3,4.37599278735503,4.362272696750193,38.2,5.475,16.7,8.406019968385774,5.207883879730421,48.7,5.475,32.2,12.588022546994624,10.249561721874477,62.0,5.475,57.5,1.1090198777473788,16.202765348032763,90.0,5.475,56.2,2.3340040278582705,9.708781358192477,90.00450000000001,5.475,13.8,6.854489071871608,4.844989460424015,45.3,5.475,32.2,9.54123653695195,12.404981336178452,59.7,5.475,57.5,1.1090198777473788,16.202765348032763,90.0,5.475,57.7,0.8400088845265046,10.713116680237654,90.00450000000001,5.475,57.7,0.8880153523799379,8.315691022462737,90.00450000000001,5.475,26.3,11.289327676896736,8.683016214224885,56.8,5.475,57.5,1.1090198777473788,16.202765348032763,90.0,5.475,57.7,0.866010387645531,10.135109032137612,90.00450000000001,5.475,57.7,0.8809991525480854,7.780401766607753,90.00450000000001,5.475,57.7,0.8619979003368883,6.660355341040344,90.00450000000001,5.475,57.5,1.1090198777473788,16.202765348032763,90.0,5.475,57.7,0.8257888442287893,9.521991899046895,90.00450000000001,5.475,57.7,0.8521737218219982,7.223989160292568,90.00450000000001,5.475,57.7,0.8490073970224117,6.209419059121373,90.00450000000001,5.475,57.7,0.884004544341856,5.620211949583712,90.00450000000001
4.0,7.1000000000000005,2.515999167146614,6.623112644916759,23.4,4.0,0.3,8.50760541118606,0.3,28.8,4.0,0.3,16.016008552341805,0.3,34.6,4.0,10.6,15.206918868995546,10.6,40.7,4.0,16.0,22.10531279167958,9.50796698232334,47.5,4.0,0.3,7.99085709411574,0.3,26.7,4.0,0.1,13.779189859623992,0.1,33.0,4.0,0.5,24.18136760266547,0.5,39.9,4.0,16.0,22.10531279167958,9.50796698232334,47.5,4.0,32.2,15.574994118767876,16.081364036494357,56.5,4.0,0.6,10.334393744231503,0.6,31.1,4.0,0.5,22.564903424650947,0.5,38.8,4.0,16.0,22.10531279167958,9.50796698232334,47.5,4.0,32.2,16.581989585098107,14.732406231503276,58.0,4.0,40.0,17.232003876937057,9.498968842896836,73.5,4.0,0.6,20.20889948664192,0.6,37.4,4.0,16.0,22.10531279167958,9.50796698232334,47.5,4.0,32.2,18.57100480149788,12.224910554167051,60.2,4.0,53.2,4.1480059604067065,20.83290231572635,86.4,4.0,54.2,4.045655342636273,16.236982842474973,90.00450000000001,4.0,16.0,22.10531279167958,9.50796698232334,47.5,4.0,32.2,21.54402276727309,8.202987364230882,63.6,4.0,52.7,5.050015115240768,17.724298805333845,90.00450000000001,4.0,55.7,2.7941729606501724,15.218005475707756,90.00450000000001,4.0,54.7,4.088974277067024,10.773693581523716,90.00450000000001
5.25,25.3,4.863009564101212,10.327853229042011,30.6,5.25,15.5,7.095390852614681,10.004006603435844,38.2,5.25,0.1,14.930024455426375,0.068992078852644,46.7,5.25,0.1,17.352613038155074,0.1,56.8,5.25,1.5,21.386995821775272,1.283988007678309,71.0,5.25,20.2,5.667975662025793,11.244113032284275,35.2,5.25,7.2,8.130982498966475,7.186786711956326,44.4,5.25,1.0,15.772909625903624,1.0,55.4,5.25,1.5,21.386995821775272,1.283988007678309,71.0,5.25,31.5,2.5835015172675924,18.35997966755316,90.00450000000001,5.25,13.7,3.59339975883457,12.700990135996078,41.5,5.25,0.55,15.49587507744418,0.55,53.5,5.25,1.5,21.386995821775272,1.283988007678309,71.0,5.25,31.0,3.2159879032753977,17.01594358229749,90.00450000000001,5.25,32.7,1.971437293821808,14.228015865835236,90.00450000000001,5.25,1.7,13.610691222586144,1.7,51.2,5.25,1.5,21.386995821775272,1.283988007678309,71.0,5.25,31.2,3.215883834620609,16.23100043274429,90.00450000000001,5.25,32.0,2.5939928635434413,12.529058205216431,90.00450000000001,5.25,33.0,1.5790101656358215,10.842999856387916,90.00450000000001,5.25,1.5,21.386995821775272,1.283988007678309,71.0,5.25,32.2,2.0510015539989084,16.237672832563867,90.00450000000001,5.25,32.5,2.223003438850249,11.537563691752196,90.00450000000001,5.25,32.5,2.2219902820968684,8.92630386677839,90.00450000000001,5.25,32.7,2.0290004430675594,7.419943999765898,90.00450000000001
5.23,0.8,18.188356789807,0.8,21.9,5.23,0.5,19.910386763609445,0.5,26.9,5.23,0.5,23.222538969162684,0.5,32.1,5.23,1.1,28.002986247456747,1.075011475719286,37.7,5.23,12.5,23.685127839064805,12.153972685567204,44.0,5.23,0.5,19.10607003111856,0.5,24.9,5.23,0.6,22.06580042648404,0.6,30.7,5.23,1.8,26.50997947397116,1.780934147704587,37.0,5.23,12.5,23.685127839064805,12.153972685567204,44.0,5.23,32.7,16.034078870017417,26.201978662636712,51.4,5.23,1.8,19.68865424798224,1.8,29.0,5.23,2.3000000000000003,24.99308096696937,2.3000000000000003,36.0,5.23,12.5,23.685127839064805,12.153972685567204,44.0,5.23,34.7,16.053035033248165,26.708980322443335,52.7,5.23,41.7,19.064544823382377,24.594979271735543,64.0,5.23,1.1,24.924414022697466,1.1,34.7,5.23,12.5,23.685127839064805,12.153972685567204,44.0,5.23,35.2,18.04413099435004,25.20599672061361,54.5,5.23,40.7,22.52882534160978,20.70197950124768,69.3,5.23,49.7,18.335009294754485,23.198343919306478,90.00450000000001,5.23,12.5,23.685127839064805,12.153972685567204,44.0,5.23,39.2,17.042988745395853,26.683074615607644,57.1,5.23,44.2,21.8270215376845,20.676820649993665,81.10000000000001,5.23,53.7,15.85192052760712,24.721944249658225,90.00450000000001,5.23,56.2,16.367320695463036,22.84605162134188,90.00450000000001
5.03,23.3,2.226730387501448,2.8110004631822783,11.7,5.03,21.3,2.02600473113424,4.131082407261488,14.2,5.03,18.3,3.035999064012504,4.357508763371289,16.8,5.03,15.6,3.5372565399350098,5.129992776408686,19.4,5.03,13.0,3.753984340655169,5.987734771656345,22.0,5.03,21.8,2.5425071933797163,3.18000120839531,13.2,5.03,19.3,2.529536753848312,4.563012443593514,16.2,5.03,15.8,3.50899822640757,4.999925947023927,19.1,5.03,13.0,3.753984340655169,5.987734771656345,22.0,5.03,9.3,3.829000575430884,6.299628088468736,25.2,5.03,19.3,3.341003216612417,3.3353123996416745,15.3,5.03,16.0,3.780213720642944,4.5080011284143655,18.7,5.03,13.0,3.753984340655169,5.987734771656345,22.0,5.03,8.6,4.018006911804921,6.040831541537033,25.6,5.03,1.8,6.967152804558082,1.7629969972301447,29.3,5.03,17.3,3.0019937495918043,5.021866005641035,18.1,5.03,13.0,3.753984340655169,5.987734771656345,22.0,5.03,7.8,4.045078667597081,5.828003388303173,26.3,5.03,2.2,6.340191729367313,2.2,30.6,5.03,0.7000000000000001,10.219289173603205,0.7000000000000001,35.1,5.03,13.0,3.753984340655169,5.987734771656345,22.0,5.03,6.3,3.809995872255864,5.744234932319669,27.2,5.03,0.6,8.208562481113207,0.6,32.5,5.03,0.8,14.73174556998975,0.8,38.2,5.03,7.8,16.95521147883355,7.8,44.3
4.4,29.6,5.173037775176638,6.679007421716364,37.5,4.4,19.5,6.272829123477319,10.373996955800704,47.7,4.4,2.7,10.551574583831629,2.7,60.4,4.4,0.7000000000000001,13.293873811656075,0.7000000000000001,90.00450000000001,4.4,22.0,0.6169986210288165,13.786531573368508,90.0,4.4,22.5,7.315997511803257,7.836555960387091,43.5,4.4,0.2,14.14700356698993,0.0891419391474718,56.7,4.4,0.2,13.544840503356657,0.082014986084701,79.5,4.4,22.0,0.6169986210288165,13.786531573368508,90.0,4.4,21.7,0.8899752701099679,10.59765445641594,90.00450000000001,4.4,2.5,17.889014489335672,-1.905991814800383,52.3,4.4,0.2,13.021620319429116,0.2,74.0,4.4,22.0,0.6169986210288165,13.786531573368508,90.0,4.4,21.7,0.8510003754433946,10.260150966149544,90.00450000000001,4.4,21.7,1.0057148138009566,8.287006632201242,90.00450000000001,4.4,0.7000000000000001,12.209340044172745,0.7000000000000001,68.60000000000001,4.4,22.0,0.6169986210288165,13.786531573368508,90.0,4.4,21.2,1.3790388396684286,9.335988818268936,90.00450000000001,4.4,21.7,0.8200067060543859,8.009352673286417,90.00450000000001,4.4,21.7,0.8819936605518919,6.835179016439749,90.00450000000001,4.4,22.0,0.6169986210288165,13.786531573368508,90.0,4.4,20.7,1.8790177582844727,8.322097382281237,90.00450000000001,4.4,21.7,1.0149882612787096,7.298414224747463,90.00450000000001,4.4,22.2,0.503997202321532,6.777000505289896,90.00450000000001,4.4,21.7,0.8649966250321768,5.775872984554589,90.00450000000001
4.3,0.3,4.371143103426558,0.3,19.3,4.3,0.1,7.11768484322834,0.1,23.7,4.3,6.8,6.542908839449148,6.8,28.2,4.3,9.5,12.667495523142026,5.043024178815679,32.9,4.3,16.5,13.947035972443992,8.267989024822734,38.0,4.3,0.3,5.066093194726724,0.3,21.9,4.3,5.1000000000000005,6.570223314906605,5.1000000000000005,27.0,4.3,9.5,11.658297834002582,5.537010882805614,32.3,4.3,16.5,13.947035972443992,8.267989024822734,38.0,4.3,21.6,18.64900850166901,8.554466310005807,44.0,4.3,0.1,9.472868066405562,0.1,25.5,4.3,9.0,11.032108206717773,5.523025223168233,31.5,4.3,16.5,13.947035972443992,8.267989024822734,38.0,4.3,21.5,20.258032291848387,7.52486835524765,44.9,4.3,33.2,18.543019013641636,12.133569683460564,53.0,4.3,8.6,9.512440863896533,6.150995177743278,30.4,4.3,16.5,13.947035972443992,8.267989024822734,38.0,4.3,32.2,11.531015982995484,17.156765155247054,46.2,4.3,32.7,22.37000504557548,8.240960992903197,56.2,4.3,41.7,24.81860328940517,2.049013554868175,69.9,4.3,16.5,13.947035972443992,8.267989024822734,38.0,4.3,33.2,13.031990629314784,16.49969198625588,48.2,4.3,38.2,21.86000257608804,7.745871711871523,61.3,4.3,59.7,7.857985093056527,15.584646331076977,90.00450000000001,4.3,65.0,2.524997739182566,15.992470561287329,90.00450000000001
5.05,11.6,4.804387608714249,7.680981102091127,20.5,5.05,0.1,11.002996366422968,0.068025136649683,25.2,5.05,0.6,11.454292827774536,0.6,30.1,5.05,0.1,17.611166882128344,0.1,35.2,5.05,0.5,25.4186625255206,0.5,40.5,5.05,7.6,4.057120520724193,7.6,23.4,5.05,0.6,10.823037241398568,0.6,28.8,5.05,0.6,16.108882926177774,0.6,34.5,5.05,0.5,25.4186625255206,0.5,40.5,5.05,1.5,31.537221068314544,1.5,47.5,5.05,0.1,10.911496543397105,0.1,27.1,5.05,0.1,15.404534094789325,0.1,33.6,5.05,0.5,25.4186625255206,0.5,40.5,5.05,14.3,19.65666237131008,14.3,48.5,5.05,24.1,25.64298278601277,11.077301567080136,57.9,5.05,0.3,13.782292712905996,0.3,32.5,5.05,0.5,25.4186625255206,0.5,40.5,5.05,14.8,20.31553068291553,14.776989376031244,50.1,5.05,30.6,23.68091675234494,11.99497679813257,61.9,5.05,43.7,13.03300185928883,18.638369292474835,85.4,5.05,0.5,25.4186625255206,0.5,40.5,5.05,18.2,18.749395280795277,17.716980462932845,52.3,5.05,31.6,24.654994237993197,9.09798177253997,68.60000000000001,5.05,54.2,2.589026902465818,27.18662108775448,90.00450000000001,5.05,52.2,5.0435571237607135,22.176980534599736,90.00450000000001
4.55,12.6,1.5872845051422448,1.3580002340484238,16.2,4.55,9.1,2.004003008205059,1.629092551011003,19.7,4.55,5.5,2.116873104201332,2.2229984074322617,23.4,4.55,0.3,2.7748303532508065,0.3,27.2,4.55,0.5,3.701680321944385,0.4360005730873091,31.0,4.55,10.6,1.7272976502379225,1.63499965100924,18.3,4.55,6.5,2.113815646254352,2.0329944991896687,22.5,4.55,0.3,3.066133186685611,0.3,26.7,4.55,0.5,3.701680321944385,0.4360005730873091,31.0,4.55,7.1000000000000005,3.691794257397072,3.625005219057867,35.7,4.55,7.8,1.851695364158901,2.058992834723526,21.2,4.55,2.0,1.8419298470854684,2.0,26.1,4.55,0.5,3.701680321944385,0.4360005730873091,31.0,4.55,7.1000000000000005,4.439997936650655,3.108374029594144,36.5,4.55,13.0,5.328326750092792,4.029992225258722,42.2,4.55,3.8,1.8390029627150244,2.5447780591404694,25.2,4.55,0.5,3.701680321944385,0.4360005730873091,31.0,4.55,8.5,4.3012994080982985,3.5220005920164894,37.4,4.55,16.0,5.143004385573814,5.044023558847737,44.4,4.55,22.5,9.137119094713118,5.355985015645832,52.2,4.55,0.5,3.701680321944385,0.4360005730873091,31.0,4.55,10.1,4.098684262533938,4.160007464951975,38.9,4.55,18.0,7.115329654525876,4.514998747842739,47.6,4.55,32.2,8.56000128165553,10.73195082742469,58.1,4.55,44.5,14.218008853988351,6.515062649941264,73.7
5.25,34.2,6.856992584412268,12.225282100146192,31.8,5.25,23.2,9.34038105587376,12.72098427066651,39.8,5.25,0.5,19.20835742201285,-0.668997098781908,48.8,5.25,0.2,15.008705197234816,0.2,59.9,5.25,0.5,14.60912731208827,0.2559927048565308,78.0,5.25,24.7,11.338743954447704,10.20901723217758,36.5,5.25,16.7,6.559626669293802,13.230010012169592,46.3,5.25,0.5,15.061986776244307,0.3964675637517713,58.3,5.25,0.5,14.60912731208827,0.2559927048565308,78.0,5.25,0.5,15.566894229238445,0.3920128546848471,90.00450000000001,5.25,19.2,8.02863413384981,13.216995106305353,43.2,5.25,0.7000000000000001,15.142704890649055,0.7000000000000001,56.3,5.25,0.5,14.60912731208827,0.2559927048565308,78.0,5.25,1.0,15.281995795073064,0.8930942387386058,90.00450000000001,5.25,15.2,7.090537681005182,9.585017830052529,90.00450000000001,5.25,0.2,16.507002607968445,0.050950914613788,53.7,5.25,0.5,14.60912731208827,0.2559927048565308,78.0,5.25,0.7000000000000001,15.952931938487907,0.5560204260440093,90.00450000000001,5.25,16.2,6.534953359830109,9.726016342005485,90.00450000000001,5.25,18.7,5.348748590026837,9.250983415918022,90.00450000000001,5.25,0.5,14.60912731208827,0.2559927048565308,78.0,5.25,14.2,4.547181567065882,12.23801499867696,90.00450000000001,5.25,16.7,7.034017246175338,8.54269943533346,90.00450000000001,5.25,17.7,6.595017728565075,7.079997341552014,90.00450000000001,5.25,18.7,5.613542623629872,6.780015306183428,90.00450000000001
5.28,10.0,2.1230036295934145,3.9834973892652528,26.0,5.28,0.7000000000000001,4.371042432041922,0.6500028479575897,32.1,5.28,0.2,6.887944559862704,0.2,38.7,5.28,10.8,8.006997126084954,6.2303297101480375,46.0,5.28,19.0,12.725009935868052,8.34695484576969,54.5,5.28,6.1000000000000005,2.01600515064638,4.488059087271631,29.7,5.28,0.2,5.106515664097618,0.2,36.9,5.28,9.3,8.000983466093459,5.592588187093229,45.0,5.28,19.0,12.725009935868052,8.34695484576969,54.5,5.28,29.6,18.07431235583354,6.068013055528844,66.8,5.28,0.2,4.238984832510341,0.2,34.7,5.28,8.3,7.00550149510344,5.67599322750956,43.7,5.28,19.0,12.725009935868052,8.34695484576969,54.5,5.28,32.85,16.027037773152493,7.397004128569137,69.2,5.28,53.8,0.5340119804962313,15.74527575179475,90.00450000000001,5.28,6.8,4.362427348928139,6.717995117079315,42.0,5.28,19.0,12.725009935868052,8.34695484576969,54.5,5.28,37.1,15.579574441928957,6.602004879764902,73.0,5.28,52.8,1.5510110008656852,13.078678108936636,90.00450000000001,5.28,53.8,0.5619934260307886,10.613174603603795,90.00450000000001,5.28,19.0,12.725009935868052,8.34695484576969,54.5,5.28,48.8,5.5629697418320205,14.465556554400791,80.8,5.28,51.8,2.5589962651265523,10.258501919417746,90.00450000000001,5.28,53.8,0.5908535482332979,9.348999293152076,90.00450000000001,5.28,53.3,1.133943569140854,7.3609893855044675,90.00450000000001
4.6,14.2,7.840006748670243,8.665706493933293,36.8,4.6,2.7,12.008715706485496,2.5819976254935284,46.6,4.6,1.2,18.83599663995297,1.1836898598015722,58.7,4.6,31.2,5.5600220467835975,18.814488898116142,79.4,4.6,36.5,0.622989807181547,18.66471749693877,90.0,4.6,6.7,8.345011341445105,6.625683886477579,42.6,4.6,0.2,17.831003546380106,0.1884942109673429,55.2,4.6,0.2,25.0109946899274,0.0324510461568768,75.10000000000001,4.6,36.5,0.622989807181547,18.66471749693877,90.0,4.6,36.7,0.0639078538688977,15.047987309691784,90.00450000000001,4.6,0.7000000000000001,15.033021104623916,0.6732978000487996,51.1,4.6,0.7000000000000001,23.559003513708923,0.6744473632067721,70.8,4.6,36.5,0.622989807181547,18.66471749693877,90.0,4.6,36.7,0.0799788237196068,14.571043029722183,90.00450000000001,4.6,36.7,0.0679925528459719,11.80204897764953,90.00450000000001,4.6,1.2,22.01899721968926,1.092523063391775,66.2,4.6,36.5,0.622989807181547,18.66471749693877,90.0,4.6,35.7,1.0510076268060402,13.027944000713568,90.00450000000001,4.6,35.2,1.5630122162472944,9.58697776631644,90.00450000000001,4.6,36.7,0.0679975817167886,9.19719379280873,90.00450000000001,4.6,36.5,0.622989807181547,18.66471749693877,90.0,4.6,36.45,0.3160143162116569,13.005320549455984,90.00450000000001,4.6,36.7,0.0679956955983556,10.172889573848362,90.00450000000001,4.6,35.2,1.5779931167421497,6.83298786874736,90.00450000000001,4.6,36.7,0.0690017338926196,7.113441908209317,90.00450000000001
5.15,26.3,6.454998047767564,3.583455013040364,11.8,5.15,24.1,7.2169878446439775,5.113632301235299,14.3,5.15,22.1,8.067997264622626,6.630001613869554,16.9,5.15,18.2,10.62490239465071,6.451997748766441,19.6,5.15,16.0,10.432005718145756,8.53610772842481,22.5,5.15,25.1,6.771891336444053,4.670996611893493,13.3,5.15,22.0,8.302991865147096,5.790809195101421,16.3,5.15,20.3,8.503012217220633,8.26298299889614,19.2,5.15,16.0,10.432005718145756,8.53610772842481,22.5,5.15,13.5,7.6060248993394595,11.932193681035486,25.4,5.15,22.8,7.987552764429246,5.3089845499568185,15.4,5.15,19.5,9.319666580944984,7.012995711544988,18.8,5.15,16.0,10.432005718145756,8.53610772842481,22.5,5.15,12.8,7.056897096779263,12.326995443554374,25.8,5.15,2.1,16.136221917326505,2.0769818101647592,29.5,5.15,20.0,9.319616326844724,6.521990735413329,18.2,5.15,16.0,10.432005718145756,8.53610772842481,22.5,5.15,11.0,8.144985243803973,10.947753751015746,26.5,5.15,1.6,16.489981842475828,1.6,30.8,5.15,1.3,17.69676868617262,1.3,35.4,5.15,16.0,10.432005718145756,8.53610772842481,22.5,5.15,10.0,8.785434065790781,9.945996233665422,27.4,5.15,1.2,17.026402191126753,1.2,32.8,5.15,2.2,18.117841662564494,2.2,38.5,5.15,2.7,21.195239111088902,2.7,44.7
4.5,18.0,5.040296644421357,9.511999048052184,30.6,4.5,8.5,5.3010048595337,8.457542775157792,38.2,4.5,1.0,14.292018134915708,1.0,46.7,4.5,2.5,21.22874084799433,2.5,56.8,4.5,21.0,20.429331730958204,6.277994449957495,71.0,4.5,11.6,6.127006618332226,8.609155317547764,35.1,4.5,0.5,13.486664376940954,0.5,44.3,4.5,1.0,21.77811276083436,1.0,55.3,4.5,21.0,20.429331730958204,6.277994449957495,71.0,4.5,40.5,1.0340073416329645,19.81476397230189,90.00450000000001,4.5,4.0,9.294581057888928,4.0,41.5,4.5,0.5,20.956954188546568,0.5,53.5,4.5,21.0,20.429331730958204,6.277994449957495,71.0,4.5,40.5,1.0879676123270556,19.056680371539372,90.00450000000001,4.5,38.0,3.585183614365341,12.380976801730444,90.00450000000001,4.5,1.0,18.52025369637427,1.0,51.2,4.5,21.0,20.429331730958204,6.277994449957495,71.0,4.5,39.5,2.082989494023394,17.17714467247008,90.00450000000001,4.5,40.0,1.558998362480267,13.326511299922949,90.00450000000001,4.5,41.0,0.5769881377974926,11.534774389890265,90.00450000000001,4.5,21.0,20.429331730958204,6.277994449957495,71.0,4.5,41.0,0.578001673743131,17.530048194889737,90.00450000000001,4.5,40.0,1.5730178687934853,11.987957224471996,90.00450000000001,4.5,40.5,1.0739939043255546,9.805369578850144,90.00450000000001,4.5,40.5,1.0739943922729296,8.037504713933302,90.00450000000001
5.05,19.3,2.529996771154486,2.643793214082084,25.7,5.05,13.6,2.7138201687536583,4.0009945016989565,31.8,5.05,6.1000000000000005,3.6150001481917,4.063296783600853,38.3,5.05,0.5,5.458069441995352,0.5,45.4,5.05,9.0,7.707473735004996,8.58598301150801,53.5,5.05,16.0,2.570367751512908,3.5089902381289377,29.4,5.05,8.8,3.021998259572745,4.810198270763314,36.5,5.05,0.6,4.980212689483843,0.6,44.5,5.05,9.0,7.707473735004996,8.58598301150801,53.5,5.05,19.0,16.250998108594224,6.533634053220895,65.6,5.05,10.7,3.6639963716866015,3.743164287073802,34.300000000000004,5.05,0.2,5.280197760216268,0.2,43.2,5.05,9.0,7.707473735004996,8.58598301150801,53.5,5.05,22.7,14.810001726266696,7.692128736693663,67.9,5.05,43.7,0.8699947108583999,14.15901494933587,90.00450000000001,5.05,1.1,4.710005084252339,1.1,41.6,5.05,9.0,7.707473735004996,8.58598301150801,53.5,5.05,24.5,15.537986485397518,5.963200305559397,71.4,5.05,43.5,1.1525447547125225,12.025006814950904,90.00450000000001,5.05,43.0,1.6919865592857946,7.826947818143452,90.00450000000001,5.05,9.0,7.707473735004996,8.58598301150801,53.5,5.05,32.2,12.054934077941262,7.223017451424106,78.0,5.05,44.0,0.6931333672482864,10.553011127480104,90.00450000000001,5.05,44.0,0.669295258897975,7.525994269356097,90.00450000000001,5.05,43.7,1.019005332305511,5.643831212134586,90.00450000000001
5.1,37.2,2.597994879266288,2.355516377245607,24.8,5.1,32.2,2.2272208718319177,4.17799852826316,30.6,5.1,25.2,3.60999788157725,4.589556914700808,36.7,5.1,18.1,5.109007209324176,5.563515433098699,43.5,5.1,10.5,4.590011118217324,7.670013763312852,51.0,5.1,33.7,2.5609973990362533,3.23371809722228,28.3,5.1,26.8,3.847469852208896,3.833006452118824,35.1,5.1,18.6,5.205992093411929,5.088696637697419,42.6,5.1,10.5,4.590011118217324,7.670013763312852,51.0,5.1,0.8,10.793987821159288,0.8,61.5,5.1,29.2,3.036007334653572,4.022201304825352,33.0,5.1,20.7,4.115005737998441,5.704114620821327,41.4,5.1,10.5,4.590011118217324,7.670013763312852,51.0,5.1,0.2,12.494196134127948,0.2,63.4,5.1,24.2,3.5047219030313244,13.504010490585824,90.00450000000001,5.1,22.2,4.086008482857107,5.1524915579125405,39.8,5.1,10.5,4.590011118217324,7.670013763312852,51.0,5.1,0.5,14.049793696514111,0.5,66.2,5.1,24.2,3.5416613358927584,11.202991477883394,90.00450000000001,5.1,27.2,0.5848777833817067,9.70298765203599,90.00450000000001,5.1,10.5,4.590011118217324,7.670013763312852,51.0,5.1,0.1,16.824531828066718,0.1,70.8,5.1,26.7,1.1199951336059222,11.25488297068245,90.00450000000001,5.1,27.2,0.6130012495179322,8.13406085435006,90.00450000000001,5.1,27.2,0.6529943311031055,6.34743910089114,90.00450000000001
4.55,16.3,4.723089296152018,10.746988932668124,34.300000000000004,4.55,0.2,13.583658596404256,0.140003099723645,43.1,4.55,0.2,19.361646697521437,0.2,53.5,4.55,0.7000000000000001,26.01231501628429,0.5459890852954083,67.6,4.55,38.5,1.5899975281049947,20.083241329428912,90.0,4.55,8.2,6.114932197179421,8.099995907206916,39.5,4.55,0.2,17.034207179232503,0.2,50.6,4.55,0.2,25.80443586184875,0.0699923043149782,65.4,4.55,38.5,1.5899975281049947,20.083241329428912,90.0,4.55,38.7,1.0744133359311547,15.764984775491754,90.00450000000001,4.55,0.7000000000000001,14.027004600523414,0.7000000000000001,47.0,4.55,1.2,23.80800163080988,1.1117474459333887,62.7,4.55,38.5,1.5899975281049947,20.083241329428912,90.0,4.55,38.7,1.0689965886934232,15.249763112534758,90.00450000000001,4.55,39.7,0.0623749187942621,13.039993720793262,90.00450000000001,4.55,0.7000000000000001,22.803004635689398,0.6367719949609656,59.4,4.55,38.5,1.5899975281049947,20.083241329428912,90.0,4.55,39.2,0.5921784663329177,15.06602686249894,90.00450000000001,4.55,38.7,1.0869980671344948,11.1344861963479,90.00450000000001,4.55,39.7,0.0609968133623866,10.02965268302641,90.00450000000001,4.55,38.5,1.5899975281049947,20.083241329428912,90.0,4.55,38.7,1.0580004434669377,13.725747551777332,90.00450000000001,4.55,39.7,0.0840085840532509,11.090341976097116,90.00450000000001,4.55,39.2,0.5589958427922141,8.51617612488116,90.00450000000001,4.55,39.7,0.0770002773255882,7.567268709179629,90.00450000000001
5.5,38.5,2.747001775803533,2.595993085371333,25.8,5.5,33.2,2.5690011328580558,4.366405066849818,32.0,5.5,26.6,3.549013939912637,5.433917081523159,38.5,5.5,19.0,5.073030222441041,6.856002263650375,45.7,5.5,10.0,3.650189217973251,9.081002099032286,54.0,5.5,35.2,2.623181005322188,3.646994858537546,29.5,5.5,27.6,4.08554113283251,4.30298566664683,36.7,5.5,19.5,5.419780552053528,6.083015903850756,44.7,5.5,10.0,3.650189217973251,9.081002099032286,54.0,5.5,2.0,10.726045876792124,2.0,66.2,5.5,30.1,3.485618894803949,4.18999792282375,34.5,5.5,20.5,5.371821456474709,5.554005438875862,43.5,5.5,10.0,3.650189217973251,9.081002099032286,54.0,5.5,1.5,12.13413943906806,1.5,68.60000000000001,5.5,23.7,1.624995477485612,13.57711250045182,90.00450000000001,5.5,22.5,4.709908563284035,5.505004993169717,41.8,5.5,10.0,3.650189217973251,9.081002099032286,54.0,5.5,2.5,12.432489137372963,2.5,72.2,5.5,25.2,0.1339913962335259,13.406799963588854,90.00450000000001,5.5,24.2,1.1021343357959594,9.02399079720482,90.00450000000001,5.5,10.0,3.650189217973251,9.081002099032286,54.0,5.5,6.5,10.034010211991935,6.485029068892214,79.4,5.5,25.0,0.3537262177826363,11.366000318254732,90.00450000000001,5.5,25.0,0.360218405378454,8.568000546626905,90.00450000000001,5.5,25.2,0.0998558623691607,7.517996749591902,90.00450000000001
4.1,11.0,3.6239952947145486,5.540259313953214,21.0,4.1,3.6,4.535998000377418,3.57648536986978,25.8,4.1,0.1,8.10257418304318,0.1,30.7,4.1,0.3,14.866765998816495,0.3,36.0,4.1,9.5,14.784105055694315,9.28899481347811,41.5,4.1,8.6,2.0780017121407006,6.917424200388713,23.9,4.1,0.1,7.532932117210263,0.1,29.4,4.1,0.3,13.812575419039137,0.3,35.300000000000004,4.1,9.5,14.784105055694315,9.28899481347811,41.5,4.1,17.2,19.67359461882617,10.237038098305742,48.7,4.1,0.1,7.456725020073571,0.1,27.7,4.1,0.1,12.549828033339502,0.1,34.4,4.1,9.5,14.784105055694315,9.28899481347811,41.5,4.1,17.3,20.945785947879347,9.280008624590009,49.8,4.1,32.2,16.342252438774445,13.71099843239078,59.8,4.1,0.1,10.701297483969055,0.1,33.2,4.1,9.5,14.784105055694315,9.28899481347811,41.5,4.1,18.7,21.384516913487754,9.211039798679815,51.4,4.1,32.2,20.08901464119382,8.708597852384745,64.0,4.1,53.7,3.3499993469542773,19.784693291906613,90.00450000000001,4.1,9.5,14.784105055694315,9.28899481347811,41.5,4.1,24.6,18.174004503360344,12.607626745248762,53.8,4.1,37.0,19.341023411058785,7.041800284599734,71.7,4.1,53.7,3.5899919239427263,16.592999176302996,90.00450000000001,4.1,55.7,2.048004244607,14.090049462521478,90.00450000000001
4.0,44.7,5.021997668545332,11.005338777159729,29.2,4.0,38.3,6.478967138113831,15.946541639769112,36.4,4.0,16.7,18.092988518905056,7.843965610580669,44.2,4.0,3.0,16.821627880338696,3.0,53.3,4.0,2.5,12.64665654533188,2.0549937291674483,65.0,4.0,38.3,8.458997682446295,11.272514671668455,33.5,4.0,30.7,7.678984336469096,18.3487665019072,42.1,4.0,15.7,5.173094007845512,15.7,52.0,4.0,2.5,12.64665654533188,2.0549937291674483,65.0,4.0,3.0,9.79600720534319,2.617243050210698,90.00450000000001,4.0,33.2,8.054010353483278,17.156798301862473,39.4,4.0,16.2,6.15297142065992,16.089150603168306,50.4,4.0,2.5,12.64665654533188,2.0549937291674483,65.0,4.0,2.0,10.316497179859352,1.892027098356272,90.00450000000001,4.0,0.5,11.279995411205018,0.0981888735367246,90.00450000000001,4.0,16.2,8.071206952179498,16.039999494795676,48.3,4.0,2.5,12.64665654533188,2.0549937291674483,65.0,4.0,0.5,11.699136844395277,0.3109911160286783,90.00450000000001,4.0,2.0,9.296870762761468,2.0,90.00450000000001,4.0,0.5,11.28300164258101,0.0955524522030658,90.00450000000001,4.0,2.5,12.64665654533188,2.0549937291674483,65.0,4.0,2.0,9.730978296649807,2.0,90.00450000000001,4.0,3.0,8.73699233613857,2.555158499584061,90.00450000000001,4.0,15.7,1.0440044926530607,10.250456444172212,90.00450000000001,4.0,16.2,0.5570570927826282,10.062998790648,90.00450000000001
3.2,36.2,2.071405235599549,3.088004265143951,22.1,3.2,32.2,2.0200010428347355,4.59951610285302,27.1,3.2,25.8,3.546993419785565,4.743788794587374,32.5,3.2,20.3,4.085997772661376,6.356648956514922,38.1,3.2,14.0,4.883205311322367,7.773988322415915,44.0,3.2,32.7,3.0510079963380505,2.9510824986725765,25.1,3.2,25.8,5.022992005387675,2.801443418732344,31.0,3.2,21.3,3.977725869873481,6.142004571605156,37.3,3.2,14.0,4.883205311322367,7.773988322415915,44.0,3.2,2.2,8.590911300635543,2.157994415176009,52.1,3.2,28.6,3.645994216577897,3.549347700028683,29.2,3.2,21.8,4.0249977029879815,5.686649752546511,36.4,3.2,14.0,4.883205311322367,7.773988322415915,44.0,3.2,0.2,10.562112437272225,0.1679957888115882,53.3,3.2,1.2,16.58298313058347,1.2,65.1,3.2,22.8,4.393434112665993,4.827995573446973,35.1,3.2,14.0,4.883205311322367,7.773988322415915,44.0,3.2,0.2,10.870080744430616,0.2,55.2,3.2,0.2,20.30370025488153,0.165999717216496,70.7,3.2,28.2,3.600993568513342,12.309396874775826,90.00450000000001,3.2,14.0,4.883205311322367,7.773988322415915,44.0,3.2,1.2,11.16639837259561,1.2,57.9,3.2,30.2,1.5329946857990393,17.969697245235338,85.2,3.2,29.7,2.057002644012254,11.143656883954758,90.00450000000001,3.2,29.7,2.0780065602702464,8.207106304354738,90.00450000000001
4.7,24.6,3.5112853582125005,4.063992193512291,26.9,4.7,18.8,3.754163900024828,6.264995919247555,33.4,4.7,11.7,3.62699354780062,8.141129108803721,40.3,4.7,0.7000000000000001,9.257042830545396,0.7000000000000001,48.1,4.7,0.5,18.361932435702208,0.5,57.5,4.7,19.3,5.331359940813851,3.6490082405156734,30.8,4.7,13.8,4.017151409150689,7.705983525627496,38.4,4.7,2.2,7.595000102974425,2.1679537311015,47.0,4.7,0.5,18.361932435702208,0.5,57.5,4.7,22.5,12.729979494277742,10.497645847746927,72.0,4.7,15.3,4.830000177726177,6.264040186589472,36.1,4.7,1.7,8.161213956938868,1.7,45.6,4.7,0.5,18.361932435702208,0.5,57.5,4.7,26.2,12.010009023488523,10.13517228362596,75.3,4.7,36.2,2.0620226195622635,13.553098319575708,90.00450000000001,4.7,6.2,4.368348072902362,6.128995667616975,43.8,4.7,0.5,18.361932435702208,0.5,57.5,4.7,28.7,9.51700777628822,11.152057128748854,81.7,4.7,37.7,0.5655449956861176,13.506995949746871,90.00450000000001,4.7,37.2,1.0650011483743569,9.623993031734908,90.00450000000001,4.7,0.5,18.361932435702208,0.5,57.5,4.7,34.2,4.062719471061463,14.760991263560062,90.00450000000001,4.7,37.2,1.096990888810268,11.243082311023883,90.00450000000001,4.7,37.7,0.5972872017756075,8.737998876643484,90.00450000000001,4.7,37.7,0.5640037215936289,7.059329623863107,90.00450000000001
4.7,7.5,2.784657559903687,3.0750038949533787,10.7,4.7,5.0,2.5220065071978244,3.480931370262589,13.0,4.7,0.5,4.281739768474299,0.5,15.4,4.7,0.3,4.242119929537999,0.3,17.8,4.7,0.5,5.732822176428597,0.5,20.0,4.7,6.5,2.1360045053817807,3.987254845471052,12.1,4.7,0.5,4.56930869365197,0.5,14.8,4.7,0.1,4.392964040732107,0.1,17.5,4.7,0.5,5.732822176428597,0.5,20.0,4.7,0.1,9.48892087950891,0.1,22.9,4.7,4.0,2.03400352155335,3.521855158454896,14.0,4.7,0.5,3.962491143398789,0.5,17.0,4.7,0.5,5.732822176428597,0.5,20.0,4.7,0.3,9.85565962689336,0.3,23.4,4.7,7.6,8.480995185187897,5.6591870010871554,26.6,4.7,0.1,4.387282590850216,0.1,16.5,4.7,0.5,5.732822176428597,0.5,20.0,4.7,4.8,6.161552889949175,4.8,23.9,4.7,8.1,10.26438518184862,4.859014259691495,27.8,4.7,12.8,11.560967653164903,6.847240650463141,31.8,4.7,0.5,5.732822176428597,0.5,20.0,4.7,5.6000000000000005,6.482611306891399,5.552998773726761,24.8,4.7,9.8,11.167961587193137,5.335012373550403,29.5,4.7,16.8,11.898256102363051,8.865017136238539,34.5,4.7,21.8,15.922968265439357,9.730814619092463,39.8
4.5,2.8000000000000003,11.440040121507414,2.8000000000000003,37.3,4.5,0.7000000000000001,19.39086720935583,0.7000000000000001,47.4,4.5,3.6,25.13517937231425,3.567020998391287,60.0,4.5,29.0,13.223451549923489,14.50697204417793,85.10000000000001,4.5,36.0,7.841990520722398,16.44304981106401,90.0,4.5,0.3,16.205780189760407,0.3,43.3,4.5,1.5,25.48442341120766,1.5,56.3,4.5,30.2,11.552812178844828,16.71301056800174,78.3,4.5,36.0,7.841990520722398,16.44304981106401,90.0,4.5,36.7,7.6790622078761,13.785040338419218,90.00450000000001,4.5,1.7,22.418461928894818,1.7,52.0,4.5,31.0,10.00281943440249,19.004977104809534,73.2,4.5,36.0,7.841990520722398,16.44304981106401,90.0,4.5,37.2,7.064002084710502,14.049057338903175,90.00450000000001,4.5,37.7,7.100155147418718,12.0970160756437,90.00450000000001,4.5,22.7,16.579429343450737,13.21500140403963,68.0,4.5,36.0,7.841990520722398,16.44304981106401,90.0,4.5,35.7,9.004360137425117,11.70202424000735,90.00450000000001,4.5,37.5,7.727105080641429,11.009005482466552,90.00450000000001,4.5,37.5,8.017894075240626,9.51801121658658,90.00450000000001,4.5,36.0,7.841990520722398,16.44304981106401,90.0,4.5,36.2,8.478448425159705,11.70901364396627,90.00450000000001,4.5,36.5,8.7720168514727,9.383006442933873,90.00450000000001,4.5,38.0,7.533459425424212,9.513988520487793,90.00450000000001,4.5,38.5,7.306052443657556,9.043018761961974,90.00450000000001
4.3,0.1,9.553382700019132,0.1,33.9,4.3,13.6,7.537001548433006,13.561913454565028,42.7,4.3,22.1,19.145716364399817,11.602983253831336,52.9,4.3,33.2,19.517989547633213,9.615159520760828,66.5,4.3,47.5,8.794008854301467,16.243998181839984,90.0,4.3,1.3,14.476241514495127,1.3,39.1,4.3,21.1,15.43401706875362,14.046492766707953,50.0,4.3,32.2,19.527996196321183,10.138046213697898,64.3,4.3,47.5,8.794008854301467,16.243998181839984,90.0,4.3,49.7,7.540991208662064,14.215419177347052,90.00450000000001,4.3,14.3,15.304991359089453,11.260416089570532,46.5,4.3,32.7,17.57790491814611,12.71497872416676,61.8,4.3,47.5,8.794008854301467,16.243998181839984,90.0,4.3,48.7,8.569012274872442,12.800088566470734,90.00450000000001,4.3,52.2,5.747740040100034,13.733993329507156,90.00450000000001,4.3,32.2,15.178896853672477,15.756933500439562,58.6,4.3,47.5,8.794008854301467,16.243998181839984,90.0,4.3,50.2,7.097592909866599,13.831033969428177,90.00450000000001,4.3,50.2,7.81115142384828,11.202998915628484,90.00450000000001,4.3,50.7,7.689493164213538,10.270984552531289,90.00450000000001,4.3,47.5,8.794008854301467,16.243998181839984,90.0,4.3,48.7,9.059989514323997,11.301290116427973,90.00450000000001,4.3,50.7,7.319021714556932,11.169473851839337,90.00450000000001,4.3,50.7,7.811985928544509,9.701945258184082,90.00450000000001,4.3,52.7,5.849029975381455,11.228349602081607,90.00450000000001
4.4,0.3,8.19143341591549,0.3,29.7,4.4,1.6,15.02558928961833,1.6,37.0,4.4,17.8,14.434979081473958,12.780575333512854,45.1,4.4,32.2,13.544564418238105,17.16899609236418,54.5,4.4,40.0,15.171697158274128,16.119960449220706,67.0,4.4,0.1,12.478934215109591,0.1,34.1,4.4,14.3,13.785334307268704,11.280989205318528,42.9,4.4,32.2,12.045986083026662,18.654429273460742,53.2,4.4,40.0,15.171697158274128,16.119960449220706,67.0,4.4,50.2,8.178512383710327,15.348995449693426,90.00450000000001,4.4,9.1,12.21400904023078,9.05831743665706,40.1,4.4,22.1,20.18298554757309,10.12679798156578,51.5,4.4,40.0,15.171697158274128,16.119960449220706,67.0,4.4,49.7,8.584979127427154,14.33492246698571,90.00450000000001,4.4,50.7,8.805990405545856,10.700386474207347,90.00450000000001,4.4,22.1,17.139998057927855,12.548632371080709,49.3,4.4,40.0,15.171697158274128,16.119960449220706,67.0,4.4,52.2,6.370916506434682,15.819017184821512,90.00450000000001,4.4,53.2,6.55701251728739,12.036028882733248,90.00450000000001,4.4,54.7,5.671960746708656,10.768004408920426,90.00450000000001,4.4,40.0,15.171697158274128,16.119960449220706,67.0,4.4,51.7,7.534984020902208,13.721780780883035,90.00450000000001,4.4,54.2,5.832421614824519,11.7100169616458,90.00450000000001,4.4,56.2,4.325238528426908,11.205983951850762,90.00450000000001,4.4,55.2,5.559990217776111,8.707875967922313,90.00450000000001
4.4,37.2,5.561977453828305,14.244042538438984,32.6,4.4,21.2,12.478915699571951,11.067002558862365,40.8,4.4,0.7000000000000001,21.031763527138956,-2.2559845176905307,50.3,4.4,1.2,14.500568810450623,1.0370126703843805,62.2,4.4,1.5,13.316011784577984,1.1860084867916847,89.5,4.4,28.5,9.217978372924634,13.800997541226822,37.5,4.4,3.0,19.24299685409054,0.8453549149843229,47.7,4.4,0.2,16.069832660283854,-0.2269861875704903,60.4,4.4,1.5,13.316011784577984,1.1860084867916847,89.5,4.4,2.5,12.058980780320448,2.3791011546842897,90.00450000000001,4.4,19.7,7.1149949324707045,15.260065402657151,44.4,4.4,0.7000000000000001,15.557822239836174,0.7000000000000001,58.2,4.4,1.5,13.316011784577984,1.1860084867916847,89.5,4.4,1.7,12.830285109512564,1.7,90.00450000000001,4.4,1.5,13.773986730746966,1.3729074923416458,90.00450000000001,4.4,0.7000000000000001,16.646873005957758,0.2890094531631163,55.4,4.4,1.5,13.316011784577984,1.1860084867916847,89.5,4.4,1.5,13.235995515756134,1.3520945187334392,90.00450000000001,4.4,20.2,1.3211360669933931,13.731003050896376,90.00450000000001,4.4,20.7,1.0350025470180275,13.21806971166096,90.00450000000001,4.4,1.5,13.316011784577984,1.1860084867916847,89.5,4.4,0.2,14.54719778187952,0.2,90.00450000000001,4.4,18.7,3.0159894759794525,11.710817846490002,90.00450000000001,4.4,20.2,1.5470002738644375,12.22665888298796,90.00450000000001,4.4,19.7,2.315003316025731,10.692306047821427,90.00450000000001
3.4,21.1,6.731330982946979,8.627997677751909,31.0,3.4,11.7,6.95420755792585,9.20299668905136,38.7,3.4,0.6,14.03977703851736,0.6,47.3,3.4,1.1,18.58202998943349,1.1,57.7,3.4,0.5,24.95315018235621,0.0860016137994587,73.0,3.4,18.2,4.808333339307392,11.70799074802832,35.6,3.4,2.8000000000000003,11.759873595091298,2.782012399238144,44.9,3.4,0.3,18.51953309136359,0.3,56.2,3.4,0.5,24.95315018235621,0.0860016137994587,73.0,3.4,32.2,3.999990443579364,16.711061663397082,90.00450000000001,3.4,9.5,5.55922102123702,9.445986961861246,42.0,3.4,1.5,16.184716828690668,1.5,54.3,3.4,0.5,24.95315018235621,0.0860016137994587,73.0,3.4,31.7,4.37601457917798,15.720871970447543,90.00450000000001,3.4,32.5,4.123884498575336,12.03800262635702,90.00450000000001,3.4,0.2,16.06379481853556,0.2,51.9,3.4,0.5,24.95315018235621,0.0860016137994587,73.0,3.4,31.2,5.010056956273434,14.21197671198912,90.00450000000001,3.4,34.0,2.6215821167961053,12.533998537127346,90.00450000000001,3.4,34.0,2.7119207603111377,9.826986507322491,90.00450000000001,3.4,0.5,24.95315018235621,0.0860016137994587,73.0,3.4,33.2,3.0069961855080933,15.200490954555397,90.00450000000001,3.4,33.7,2.8609945446365685,11.042142559655248,90.00450000000001,3.4,33.7,3.053010336615792,8.255297142018978,90.00450000000001,3.4,34.5,2.2210123732678184,7.475562078747348,90.00450000000001
4.2,18.3,6.153671794196853,9.829001209795594,32.9,4.2,7.5,7.251085784649014,7.441005110793905,41.2,4.2,1.3,15.214063416846765,1.3,50.8,4.2,0.8,22.757615488720184,0.8,63.1,4.2,32.0,5.340020063435432,18.51298781914228,90.0,4.2,11.7,6.598622478442744,9.209000202579585,37.8,4.2,0.2,14.943812731583506,0.2,48.1,4.2,0.8,21.94556552319516,0.8,61.2,4.2,32.0,5.340020063435432,18.51298781914228,90.0,4.2,33.5,4.198429407348129,14.818986864047057,90.00450000000001,4.2,0.8,13.593690362410198,0.8,44.9,4.2,2.1,19.57471712678285,2.1,58.9,4.2,32.0,5.340020063435432,18.51298781914228,90.0,4.2,33.5,4.22101145285064,14.23356238699048,90.00450000000001,4.2,34.5,3.529716884887044,11.51799367678165,90.00450000000001,4.2,1.1,18.945829458445,1.1,56.1,4.2,32.0,5.340020063435432,18.51298781914228,90.0,4.2,35.0,2.713776464063507,15.007995986131732,90.00450000000001,4.2,35.2,2.8649962451018283,11.233171382320135,90.00450000000001,4.2,35.2,3.0850766285245896,8.756993119977725,90.00450000000001,4.2,32.0,5.340020063435432,18.51298781914228,90.0,4.2,34.2,3.5473972967419343,13.236988586050138,90.00450000000001,4.2,35.0,3.0300176877731038,10.00600027638392,90.00450000000001,4.2,36.2,2.0473260506775617,8.734987180261147,90.00450000000001,4.2,36.0,2.2989953957021285,7.054053361249896,90.00450000000001
5.5,16.3,2.5469942518775994,2.344205469103013,5.3,5.5,16.3,1.8329132457802293,3.861001343407976,6.4,5.5,14.0,3.3789998117813944,3.108837784988524,7.5,5.5,12.5,4.3219053344834855,3.021001966489184,8.700000000000001,5.5,12.0,4.307015704607981,3.9217519930391873,10.0,5.5,16.3,2.0387238578317053,3.323005506512297,5.9,5.5,14.5,3.2500141110448624,3.0409919423000837,7.2,5.5,13.0,4.173558723653507,3.07901010586197,8.5,5.5,12.0,4.307015704607981,3.9217519930391873,10.0,5.5,10.0,5.605196864445322,3.5510075866197024,11.1,5.5,15.0,2.8699973155933307,3.1364582623340365,6.8,5.5,13.0,4.351188582375791,2.7630087375141894,8.3,5.5,12.0,4.307015704607981,3.9217519930391873,10.0,5.5,10.5,5.115207276999511,4.212000793321403,11.3,5.5,8.6,5.573578085679527,4.665984203191954,12.8,5.5,13.0,4.33400404154758,2.5565182688712973,8.1,5.5,12.0,4.307015704607981,3.9217519930391873,10.0,5.5,9.1,6.227794216607567,3.309995301586211,11.6,5.5,8.1,5.419990811294859,5.080399895466249,13.3,5.5,7.0,3.2035659246403565,7.0,15.1,5.5,12.0,4.307015704607981,3.9217519930391873,10.0,5.5,10.0,5.172000431944953,4.595113874302164,11.9,5.5,7.0,5.5594265202127975,5.0259977867445205,14.1,5.5,0.3,9.25523024598898,0.3,16.2,5.5,0.1,8.824163891595582,0.1,18.4
4.85,20.6,8.216428694610673,11.10301831533882,27.2,4.85,11.6,8.03835078921991,10.612993992094236,33.7,4.85,2.6,14.529026765559989,2.6,40.7,4.85,0.8,18.229682492039583,0.8,48.6,4.85,0.5,22.87011772636809,0.5,58.0,4.85,18.7,5.156561381932303,14.237037546732935,31.1,4.85,1.3,15.95253253439408,1.261011443967972,38.8,4.85,0.2,18.371802010628464,0.2,47.5,4.85,0.5,22.87011772636809,0.5,58.0,4.85,2.2,24.72338957999924,2.2,73.5,4.85,6.3,11.432831845729648,6.240980512605195,36.4,4.85,0.5,17.6126869203384,0.5,46.1,4.85,0.5,22.87011772636809,0.5,58.0,4.85,2.3000000000000003,25.06243071801552,2.3000000000000003,77.3,4.85,28.2,10.16914914253388,15.262999802390231,90.00450000000001,4.85,0.8,16.820984861171663,0.8,44.3,4.85,0.5,22.87011772636809,0.5,58.0,4.85,24.0,10.59183652963771,17.01798839424967,86.3,4.85,30.5,8.340721786473821,16.04604191629216,90.00450000000001,4.85,31.5,7.755021365007124,13.849853415836533,90.00450000000001,4.85,0.5,22.87011772636809,0.5,58.0,4.85,30.2,6.359815730304764,20.712994858025752,90.00450000000001,4.85,31.0,8.0530582168372,15.013009347919729,90.00450000000001,4.85,34.2,5.504014669435648,14.712520948898568,90.00450000000001,4.85,33.5,6.31511565394257,12.04501052915136,90.00450000000001
4.7,36.7,13.06899604425923,11.559481344060512,25.2,4.7,32.2,13.19507769935302,16.759027758178988,31.1,4.7,17.7,16.814912905898662,14.213982481425454,37.5,4.7,0.7000000000000001,26.05615341906137,0.6689744292138202,44.4,4.7,2.0,22.65765648406703,1.760007359773293,52.5,4.7,33.7,13.678965096135949,14.258937998794108,28.8,4.7,33.2,6.042017088185268,25.551346650738616,35.800000000000004,4.7,1.0,26.244431770005605,0.9700404212599884,43.5,4.7,2.0,22.65765648406703,1.760007359773293,52.5,4.7,0.5,22.972782430682216,0.5,63.4,4.7,32.7,9.55287216902483,21.716976718196456,33.6,4.7,3.7,24.236468449596035,3.7,42.2,4.7,2.0,22.65765648406703,1.760007359773293,52.5,4.7,3.2,20.219428456798585,3.2,65.5,4.7,3.7,19.54826757673229,3.7,90.00450000000001,4.7,16.2,13.154038981980024,15.75360549878706,40.6,4.7,2.0,22.65765648406703,1.760007359773293,52.5,4.7,2.5,20.837461498879406,2.5,68.5,4.7,0.7000000000000001,22.574010888902347,0.6742190081943442,90.00450000000001,4.7,0.7000000000000001,22.573970703327028,0.6599821777298664,90.00450000000001,4.7,2.0,22.65765648406703,1.760007359773293,52.5,4.7,1.0,22.290319529324915,1.0,73.8,4.7,0.2,23.068014492119893,0.1755328438078408,90.00450000000001,4.7,0.7000000000000001,22.561378433474676,0.6630012994442895,90.00450000000001,4.7,1.0,22.272005593458584,0.9708712218408648,90.00450000000001
3.8,41.5,5.34695708171499,7.659004171282184,31.6,3.8,31.7,8.094478337966482,7.214996654293191,39.5,3.8,22.7,8.906659105743731,10.588991176493064,48.4,3.8,2.7,12.879382146120388,2.579976448692351,59.3,3.8,0.5,12.080038535333106,0.2539916654029618,76.5,3.8,35.9,6.415996811892661,7.806035653977602,36.3,3.8,25.7,8.593028356995614,9.795028555362787,45.9,3.8,0.2,16.41084401708016,0.0730048521691791,57.7,3.8,0.5,12.080038535333106,0.2539916654029618,76.5,3.8,1.2,10.636811605800826,1.2,90.00450000000001,3.8,29.5,7.220994517704817,9.52877656248168,42.9,3.8,9.2,10.18719379642592,7.7939869654258525,55.7,3.8,0.5,12.080038535333106,0.2539916654029618,76.5,3.8,0.7000000000000001,11.305696150452782,0.7000000000000001,90.00450000000001,3.8,10.7,4.324996719276875,8.741891005373436,90.00450000000001,3.8,13.7,11.010135272993116,8.539982926409671,53.2,3.8,0.5,12.080038535333106,0.2539916654029618,76.5,3.8,3.7,8.567008085427812,3.642319713593626,90.00450000000001,3.8,10.7,5.370220381774212,7.778995696513661,90.00450000000001,3.8,12.2,5.52056472450896,7.207998956323377,90.00450000000001,3.8,0.5,12.080038535333106,0.2539916654029618,76.5,3.8,7.2,5.518951709721455,7.0310077427737205,90.00450000000001,3.8,11.7,5.316994446229304,7.72795806286484,90.00450000000001,3.8,12.2,6.079991103601875,6.282694362570511,90.00450000000001,3.8,13.2,5.564553634093725,6.2619845876932025,90.00450000000001
5.05,0.5,4.755376365783739,0.5,10.1,5.05,5.5,3.6689951468684328,3.1429708721192338,12.3,5.05,8.1,3.719786390329405,3.675995087285389,14.6,5.05,9.1,5.258620839624905,2.6800049399321484,16.8,5.05,12.5,4.611446130647341,3.944995436145321,19.0,5.05,4.0,3.791977506569694,2.6399958476712104,11.5,5.05,8.1,3.045993298382172,4.197494715066375,14.0,5.05,9.1,5.046987909409088,2.8174672806581107,16.5,5.05,12.5,4.611446130647341,3.944995436145321,19.0,5.05,16.3,3.8760003450024847,5.408627031555806,21.7,5.05,8.1,2.4248575138585107,4.661001644955637,13.2,5.05,9.1,4.545991607155111,3.197845100282823,16.1,5.05,12.5,4.611446130647341,3.944995436145321,19.0,5.05,16.3,4.048983865010776,5.350240693792369,22.1,5.05,18.8,5.538351108749968,4.864994943648403,25.2,5.05,8.6,4.472987931551694,3.158632168134586,15.6,5.05,12.5,4.611446130647341,3.944995436145321,19.0,5.05,16.8,4.545038180951277,5.018993021385905,22.6,5.05,19.3,6.358989085238878,4.448320816991014,26.3,5.05,23.8,6.528010812732916,5.767579957635924,30.0,5.05,12.5,4.611446130647341,3.944995436145321,19.0,5.05,16.3,5.864006758209186,3.9373127052248016,23.4,5.05,21.3,6.054997390732698,5.333325694586312,27.9,5.05,25.6,7.642986256624269,5.852989177880712,32.5,5.05,32.2,8.110840397854759,8.228025345964777,37.4
4.6,32.2,3.761484121928156,17.718992107932255,26.4,4.6,22.2,7.880012861770254,13.666144961526404,32.7,4.6,15.2,6.334621987342691,13.717979557438484,39.4,4.6,2.1,16.22499920046158,2.083032740513323,46.9,4.6,0.5,18.846182947114645,0.2620279498105602,55.5,4.6,26.0,7.027974002323113,14.512570839579864,30.2,4.6,17.0,7.114080723279727,13.505992377689754,37.6,4.6,5.6000000000000005,12.922171702375849,5.559013292187666,45.9,4.6,0.5,18.846182947114645,0.2620279498105602,55.5,4.6,1.6,18.036892852439102,1.6,68.9,4.6,19.2,7.930902513650327,13.212990685582293,35.300000000000004,4.6,3.8,14.942261679136124,3.739984167742404,44.5,4.6,0.5,18.846182947114645,0.2620279498105602,55.5,4.6,0.1,19.89549452980642,0.1,71.60000000000001,4.6,0.1,22.273177854522316,0.1,90.00450000000001,4.6,12.2,6.926951387124104,12.135007927803352,42.8,4.6,0.5,18.846182947114645,0.2620279498105602,55.5,4.6,1.3,19.15231055913372,1.3,76.2,4.6,1.5,21.67428657107424,1.4230091411209944,90.00450000000001,4.6,31.5,2.0772316949275265,18.30901966838784,90.00450000000001,4.6,0.5,18.846182947114645,0.2620279498105602,55.5,4.6,1.6,19.440068273862103,1.6,90.00450000000001,4.6,33.0,0.5617945841327341,21.51900651740221,90.00450000000001,4.6,32.0,1.6413365675344096,16.89500101331702,90.00450000000001,4.6,32.5,1.2100136110804345,14.56041821204034,90.00450000000001
5.1,0.3,11.23217087429264,0.3,37.0,5.1,0.8,19.56830532918773,0.8,47.0,5.1,16.6,18.4509726525892,11.61073975407892,59.4,5.1,38.0,8.029085674209128,16.502010613773596,81.8,5.1,45.0,1.647108970792516,17.931004424960864,90.0,5.1,0.2,14.880849510482218,0.2,42.9,5.1,0.1,28.324493896469782,0.1,55.8,5.1,34.5,11.274992430107282,14.016177714598411,76.60000000000001,5.1,45.0,1.647108970792516,17.931004424960864,90.0,5.1,44.5,2.162429542206496,13.519989644389828,90.00450000000001,5.1,0.2,24.92083092459234,0.2,51.6,5.1,39.5,5.8604426822432885,20.544985545859436,72.0,5.1,45.0,1.647108970792516,17.931004424960864,90.0,5.1,43.7,3.0070845714354704,12.226977144150291,90.00450000000001,5.1,44.2,2.530988272255577,10.056533523758254,90.00450000000001,5.1,25.2,18.30358518546204,9.703005395745972,67.1,5.1,45.0,1.647108970792516,17.931004424960864,90.0,5.1,45.0,1.685076905798617,13.022996888763046,90.00450000000001,5.1,45.0,1.7733526681392675,10.101002089458603,90.00450000000001,5.1,45.2,1.5481740213202286,8.549004662333566,90.00450000000001,5.1,45.0,1.647108970792516,17.931004424960864,90.0,5.1,44.5,2.323176730311289,11.65399274421091,90.00450000000001,5.1,44.5,2.2239966395755038,8.828887527501728,90.00450000000001,5.1,44.7,2.0299977320106493,7.218238687697301,90.00450000000001,5.1,45.2,1.5571922569727477,6.554011539347364,90.00450000000001
4.5,13.1,4.223024379467271,4.616008678109491,40.9,4.5,0.7000000000000001,6.828248217970708,0.7000000000000001,52.6,4.5,14.0,15.146946168946265,6.5109922182772975,69.2,4.5,34.2,1.0519822201868436,12.20288592317204,90.00450000000001,4.5,35.0,0.7239923362029188,8.802681148285767,90.0,4.5,4.7,3.9031036657327753,4.617999886090812,47.7,4.5,8.2,11.836999558481622,8.16580895327043,63.9,4.5,34.5,1.0252202197359992,13.02199842545421,90.00450000000001,4.5,35.0,0.7239923362029188,8.802681148285767,90.0,4.5,34.5,1.0527889753702055,6.327008422029177,90.00450000000001,4.5,1.0,12.123172741176672,1.0,58.3,4.5,34.5,0.732843005426183,14.500992860307091,90.00450000000001,4.5,35.0,0.7239923362029188,8.802681148285767,90.0,4.5,34.5,1.1056682027192082,6.048996936198211,90.00450000000001,4.5,34.5,1.0640008662230471,4.95541820409672,90.00450000000001,4.5,28.5,6.719993445248782,10.48063064142369,90.00450000000001,4.5,35.0,0.7239923362029188,8.802681148285767,90.0,4.5,34.7,0.8649921974410475,6.058005947919309,90.00450000000001,4.5,35.0,0.6740057144189393,5.072428873524029,90.00450000000001,4.5,35.0,0.5549444922373397,4.504001363579057,90.00450000000001,4.5,35.0,0.7239923362029188,8.802681148285767,90.0,4.5,34.5,1.0669987280873556,5.519020607270445,90.00450000000001,4.5,34.5,1.06900073535067,4.340423511950963,90.00450000000001,4.5,34.5,1.2065479531525585,3.5799992388458968,90.00450000000001,4.5,35.0,0.5689954708164962,3.8478553533141415,90.00450000000001
5.15,1.2,20.82472950990439,-0.2610032396034771,49.0,5.15,2.2,14.367018420495068,2.0764180762762967,66.3,5.15,1.5,14.016974231724818,1.5,90.00450000000001,5.15,2.5,13.028396816874444,2.3589967894481854,90.00450000000001,5.15,2.0,13.978118788555088,1.5760016467168212,90.0,5.15,0.7000000000000001,16.879954946506164,0.5790060747111364,58.5,5.15,1.7,14.041399836190504,1.5620155884283045,90.00450000000001,5.15,0.5,15.03201054471403,0.358848907667022,90.00450000000001,5.15,2.0,13.978118788555088,1.5760016467168212,90.0,5.15,1.5,14.223862940709036,1.3350060157050023,90.00450000000001,5.15,1.2,14.827002604882288,1.060227307620731,78.7,5.15,2.2,13.334093718244493,2.0629895987093176,90.00450000000001,5.15,2.0,13.978118788555088,1.5760016467168212,90.0,5.15,2.0,13.734005254776598,1.8429882880757584,90.00450000000001,5.15,0.2,15.577019726811969,0.0775323509399203,90.00450000000001,5.15,0.5,15.036996293219236,0.3658736585382907,90.00450000000001,5.15,2.0,13.978118788555088,1.5760016467168212,90.0,5.15,0.7000000000000001,15.050002481281291,0.5544101451837534,90.00450000000001,5.15,0.7000000000000001,15.09253288359892,0.5870203721490781,90.00450000000001,5.15,0.7000000000000001,17.519002964784775,-1.7762346756978236,90.00450000000001,5.15,2.0,13.978118788555088,1.5760016467168212,90.0,5.15,1.5,14.248355105349718,1.3529996643446511,90.00450000000001,5.15,2.5,13.700913676802632,2.0040001603356563,90.00450000000001,5.15,1.0,15.229011789591503,0.5357076504119812,90.00450000000001,5.15,1.7,15.550810348555142,0.250006767343798,90.00450000000001
